<?xml version="1.0" encoding="UTF-8"?>
<!-- 升级索引文件需要加密-->
<upgradeIndex>
	<!--本次升级包信息-->
	<package>
		<name>CEMS-SERVICE-BLOCK</name>
		<version>1.0.20150702</version>
		<crc>EFD9FB0E</crc>
		<serviceType>1</serviceType>
		<serviceCode>00010400</serviceCode>
		<description>阻断服务升级包</description>	
	</package>
	
	<!--wrapper.conf文件-->
	<wrapper>
		<property key="" value="" />
	</wrapper>
	
	<!--config.properties文件-->
	<config>
		<property key="" value="" />
	</config>
	
	<!--jdbc.properties文件-->
	<jdbc>
		<property key="" value="" />
	</jdbc>
	
	<!--log4j.properties-->
	<log4j>
		<property key="" value="" />
	</log4j>
	
	<!--lib文件-->
	<libs>
		<lib srcPath="CEMS-SERVICE-CACHE-1.0.20150518-2015061800.jar" destPath="CEMS-SERVICE-BLOCK-1.0.2015070200-SNAPSHOT.jar"/>
	</libs>
	
	<!--项目自身配置:只支持文件属性更新-->
	<project>
		
	</project>
</upgradeIndex>